GROUP,PACKAGE,CLASS,INSTRUCTION_MISSED,INSTRUCTION_COVERED,BRANCH_MISSED,BRANCH_COVERED,LINE_MISSED,LINE_COVERED,COMPLEXITY_MISSED,COMPLEXITY_COVERED,METHOD_MISSED,METHOD_COVERED
Hotel Management System,com.hotelmanagement.controller,TableReservationController,85,31,2,0,23,5,7,5,6,5
Hotel Management System,com.hotelmanagement.controller,SpaBookingController,53,99,1,1,15,25,4,6,3,6
Hotel Management System,com.hotelmanagement.controller,SpaServiceController,50,73,3,3,15,17,6,7,3,7
Hotel Management System,com.hotelmanagement.controller,GuestController,36,95,0,0,13,24,2,11,2,11
Hotel Management System,com.hotelmanagement.controller,RestaurantTableController,26,35,0,0,9,7,1,5,1,5
Hotel Management System,com.hotelmanagement.controller,PricingController,0,33,0,0,0,6,0,4,0,4
Hotel Management System,com.hotelmanagement.controller,RoomController,34,69,0,0,12,15,2,9,2,9
Hotel Management System,com.hotelmanagement.controller,ReservationController,62,81,0,0,16,22,6,6,6,6
Hotel Management System,com.hotelmanagement.service,SpaBookingService,100,294,16,32,13,70,22,15,7,6
Hotel Management System,com.hotelmanagement.service,ReservationService,43,329,10,46,6,71,17,28,7,10
Hotel Management System,com.hotelmanagement.service,TableReservationService,16,255,12,22,0,59,14,17,2,12
Hotel Management System,com.hotelmanagement.service,PricingService,2,98,1,23,1,23,1,17,0,4
Hotel Management System,com.hotelmanagement.service,GuestService,93,444,28,70,20,92,25,46,2,20
Hotel Management System,com.hotelmanagement.service,RestaurantTableService,9,142,5,9,1,25,6,16,1,14
Hotel Management System,com.hotelmanagement.service,RoomService,32,174,7,25,4,33,11,23,4,14
Hotel Management System,com.hotelmanagement.service,SpaServiceService,167,275,28,44,32,65,31,18,7,6
Hotel Management System,com.hotelmanagement.model,Room,0,54,5,11,0,5,5,7,0,4
Hotel Management System,com.hotelmanagement.model,Reservation,6,167,9,29,1,32,9,23,0,13
Hotel Management System,com.hotelmanagement.model,SpaBookingStatus,0,44,0,0,0,5,0,1,0,1
Hotel Management System,com.hotelmanagement.model,TableReservation,34,74,10,8,1,11,9,10,0,10
Hotel Management System,com.hotelmanagement.model,ReservationStatus,0,54,0,0,0,6,0,1,0,1
Hotel Management System,com.hotelmanagement.model,TableReservationStatus,0,64,0,0,0,7,0,1,0,1
Hotel Management System,com.hotelmanagement.model,SpaService,8,82,3,23,2,19,3,16,0,6
Hotel Management System,com.hotelmanagement.model,DiningArea,0,34,0,0,0,4,0,1,0,1
Hotel Management System,com.hotelmanagement.model,GuestStatus,0,34,0,0,0,4,0,1,0,1
Hotel Management System,com.hotelmanagement.model,TableStatus,0,44,0,0,0,5,0,1,0,1
Hotel Management System,com.hotelmanagement.model,RoomType,0,54,0,0,0,6,0,1,0,1
Hotel Management System,com.hotelmanagement.model,RoomStatus,0,44,0,0,0,5,0,1,0,1
Hotel Management System,com.hotelmanagement.model,SpaBooking,15,118,10,20,3,24,10,16,0,11
Hotel Management System,com.hotelmanagement.model,SpaCategory,20,64,7,0,8,7,7,1,1,1
Hotel Management System,com.hotelmanagement.model,Guest,5,30,3,7,0,3,2,6,0,3
Hotel Management System,com.hotelmanagement.model,RestaurantTable,0,5,0,0,0,1,0,1,0,1
Hotel Management System,com.hotelmanagement,HotelManagementApplication,5,3,0,0,2,1,1,1,1,1
Hotel Management System,com.hotelmanagement.config,DataSeeder,89,758,17,13,22,164,14,11,0,10
Hotel Management System,com.hotelmanagement.config,SecurityConfig,2,94,1,1,0,35,1,9,0,9
